case_id,episode_id,query_id,method,implementation_identity,input_hash,candidate_pool_hash,reference_version,poi_count,evaluable_reference_events,evaluable_reference_pairs,known_event_recovered_correct_poi,known_relation_supported_correct_poi,path_time_status,identity_uncertainty,missing_relation_or_step_ids,budget_feasibility,expanded_events,output_raw_events,output_auxiliary_edges,raw_refs_checked,raw_refs_matched,runtime,memory_if_measured,run_status,output_budget,candidate_count,selected_path_count,notes
CADETS_20180412,E3_CADETS_APR12,Q12_LOADER_CONNECT,B0,OWN_TRANSPARENT_FROZEN_POOL,100538fcff4cdf48664a7605078a07c1cd371c89c69b0f802b71f7c962b7efe7,81cc6b86d60b064a1822e9ae188ceff3e4275a06f88a83a7a185f8310008a4e3,9dc84afdc0314db7a3857d497ef1de6f49576769f48996d42ec4a9b3de1e89b1,1,1,0,1,NA:NO_INDEPENDENT_PAIR_GT,ORDER_UNRESOLVED_OR_COARSE,"CDM subject UUID stable, lifecycle unknown",,FULL_POOL_EXCEEDS_OUTPUT_BUDGET,162,162,0,162,162,4.66697383671999e-06,NA:not_measured,FULL_POOL_OVER_BUDGET,2,162,0,B0 displays full time/direction candidate pool; no ranking
CADETS_20180412,E3_CADETS_APR12,Q12_LOADER_CONNECT,B1-Min,OWN_TRANSPARENT_FROZEN_POOL,100538fcff4cdf48664a7605078a07c1cd371c89c69b0f802b71f7c962b7efe7,81cc6b86d60b064a1822e9ae188ceff3e4275a06f88a83a7a185f8310008a4e3,9dc84afdc0314db7a3857d497ef1de6f49576769f48996d42ec4a9b3de1e89b1,1,1,0,1,NA:NO_INDEPENDENT_PAIR_GT,ORDER_UNRESOLVED_OR_COARSE,"CDM subject UUID stable, lifecycle unknown",,FEASIBLE,162,2,0,2,2,1.6000005416572094e-05,NA:not_measured,COMPLETED_WITH_SCOPE_LIMITS,2,162,1,path selection uses no evaluation references
CADETS_20180412,E3_CADETS_APR12,Q12_LOADER_CONNECT,B1-Alternatives,OWN_TRANSPARENT_FROZEN_POOL,100538fcff4cdf48664a7605078a07c1cd371c89c69b0f802b71f7c962b7efe7,81cc6b86d60b064a1822e9ae188ceff3e4275a06f88a83a7a185f8310008a4e3,9dc84afdc0314db7a3857d497ef1de6f49576769f48996d42ec4a9b3de1e89b1,1,1,0,1,NA:NO_INDEPENDENT_PAIR_GT,ORDER_UNRESOLVED_OR_COARSE,"CDM subject UUID stable, lifecycle unknown",,FEASIBLE,162,2,0,2,2,7.541966624557972e-06,NA:not_measured,COMPLETED_WITH_SCOPE_LIMITS,2,162,1,path selection uses no evaluation references
CADETS_20180412,E3_CADETS_APR12,Q12_LOADER_CONNECT,B0,OWN_TRANSPARENT_FROZEN_POOL,100538fcff4cdf48664a7605078a07c1cd371c89c69b0f802b71f7c962b7efe7,81cc6b86d60b064a1822e9ae188ceff3e4275a06f88a83a7a185f8310008a4e3,9dc84afdc0314db7a3857d497ef1de6f49576769f48996d42ec4a9b3de1e89b1,1,1,0,1,NA:NO_INDEPENDENT_PAIR_GT,ORDER_UNRESOLVED_OR_COARSE,"CDM subject UUID stable, lifecycle unknown",,FULL_POOL_EXCEEDS_OUTPUT_BUDGET,162,162,0,162,162,1.7919810488820076e-06,NA:not_measured,FULL_POOL_OVER_BUDGET,8,162,0,B0 displays full time/direction candidate pool; no ranking
CADETS_20180412,E3_CADETS_APR12,Q12_LOADER_CONNECT,B1-Min,OWN_TRANSPARENT_FROZEN_POOL,100538fcff4cdf48664a7605078a07c1cd371c89c69b0f802b71f7c962b7efe7,81cc6b86d60b064a1822e9ae188ceff3e4275a06f88a83a7a185f8310008a4e3,9dc84afdc0314db7a3857d497ef1de6f49576769f48996d42ec4a9b3de1e89b1,1,1,0,1,NA:NO_INDEPENDENT_PAIR_GT,ORDER_UNRESOLVED_OR_COARSE,"CDM subject UUID stable, lifecycle unknown",,FEASIBLE,162,2,0,2,2,5.415990017354488e-06,NA:not_measured,COMPLETED_WITH_SCOPE_LIMITS,8,162,1,path selection uses no evaluation references
CADETS_20180412,E3_CADETS_APR12,Q12_LOADER_CONNECT,B1-Alternatives,OWN_TRANSPARENT_FROZEN_POOL,100538fcff4cdf48664a7605078a07c1cd371c89c69b0f802b71f7c962b7efe7,81cc6b86d60b064a1822e9ae188ceff3e4275a06f88a83a7a185f8310008a4e3,9dc84afdc0314db7a3857d497ef1de6f49576769f48996d42ec4a9b3de1e89b1,1,1,0,1,NA:NO_INDEPENDENT_PAIR_GT,ORDER_UNRESOLVED_OR_COARSE,"CDM subject UUID stable, lifecycle unknown",,FEASIBLE,162,4,0,4,4,4.666042514145374e-06,NA:not_measured,COMPLETED_WITH_SCOPE_LIMITS,8,162,3,path selection uses no evaluation references
CADETS_20180412,E3_CADETS_APR12,Q12_LOADER_CONNECT,B0,OWN_TRANSPARENT_FROZEN_POOL,100538fcff4cdf48664a7605078a07c1cd371c89c69b0f802b71f7c962b7efe7,81cc6b86d60b064a1822e9ae188ceff3e4275a06f88a83a7a185f8310008a4e3,9dc84afdc0314db7a3857d497ef1de6f49576769f48996d42ec4a9b3de1e89b1,1,1,0,1,NA:NO_INDEPENDENT_PAIR_GT,ORDER_UNRESOLVED_OR_COARSE,"CDM subject UUID stable, lifecycle unknown",,FEASIBLE,162,162,0,162,162,1.6660196706652641e-06,NA:not_measured,COMPLETED_WITH_SCOPE_LIMITS,200,162,0,B0 displays full time/direction candidate pool; no ranking
CADETS_20180412,E3_CADETS_APR12,Q12_LOADER_CONNECT,B1-Min,OWN_TRANSPARENT_FROZEN_POOL,100538fcff4cdf48664a7605078a07c1cd371c89c69b0f802b71f7c962b7efe7,81cc6b86d60b064a1822e9ae188ceff3e4275a06f88a83a7a185f8310008a4e3,9dc84afdc0314db7a3857d497ef1de6f49576769f48996d42ec4a9b3de1e89b1,1,1,0,1,NA:NO_INDEPENDENT_PAIR_GT,ORDER_UNRESOLVED_OR_COARSE,"CDM subject UUID stable, lifecycle unknown",,FEASIBLE,162,2,0,2,2,3.6249402910470963e-06,NA:not_measured,COMPLETED_WITH_SCOPE_LIMITS,200,162,1,path selection uses no evaluation references
CADETS_20180412,E3_CADETS_APR12,Q12_LOADER_CONNECT,B1-Alternatives,OWN_TRANSPARENT_FROZEN_POOL,100538fcff4cdf48664a7605078a07c1cd371c89c69b0f802b71f7c962b7efe7,81cc6b86d60b064a1822e9ae188ceff3e4275a06f88a83a7a185f8310008a4e3,9dc84afdc0314db7a3857d497ef1de6f49576769f48996d42ec4a9b3de1e89b1,1,1,0,1,NA:NO_INDEPENDENT_PAIR_GT,ORDER_UNRESOLVED_OR_COARSE,"CDM subject UUID stable, lifecycle unknown",,FEASIBLE,162,4,0,4,4,4.249974153935909e-06,NA:not_measured,COMPLETED_WITH_SCOPE_LIMITS,200,162,3,path selection uses no evaluation references
CADETS_20180412,E3_CADETS_APR12,Q12_SHELLCODE_CONNECT,B0,OWN_TRANSPARENT_FROZEN_POOL,100538fcff4cdf48664a7605078a07c1cd371c89c69b0f802b71f7c962b7efe7,6d5668687bcadafb9331667ad83491069c034e2d392f7e9706fd9a080e54b04d,9dc84afdc0314db7a3857d497ef1de6f49576769f48996d42ec4a9b3de1e89b1,1,0,0,0,NA:NO_INDEPENDENT_PAIR_GT,ORDER_UNRESOLVED_OR_COARSE,"CDM subject UUID stable, lifecycle unknown",,FULL_POOL_EXCEEDS_OUTPUT_BUDGET,11,11,0,11,11,2.1670712158083916e-06,NA:not_measured,FULL_POOL_OVER_BUDGET,2,11,0,B0 displays full time/direction candidate pool; no ranking
CADETS_20180412,E3_CADETS_APR12,Q12_SHELLCODE_CONNECT,B1-Min,OWN_TRANSPARENT_FROZEN_POOL,100538fcff4cdf48664a7605078a07c1cd371c89c69b0f802b71f7c962b7efe7,6d5668687bcadafb9331667ad83491069c034e2d392f7e9706fd9a080e54b04d,9dc84afdc0314db7a3857d497ef1de6f49576769f48996d42ec4a9b3de1e89b1,1,0,0,0,NA:NO_INDEPENDENT_PAIR_GT,ORDER_UNRESOLVED_OR_COARSE,"CDM subject UUID stable, lifecycle unknown",,FEASIBLE,11,2,0,2,2,9.25001222640276e-06,NA:not_measured,COMPLETED_WITH_SCOPE_LIMITS,2,11,1,path selection uses no evaluation references
CADETS_20180412,E3_CADETS_APR12,Q12_SHELLCODE_CONNECT,B1-Alternatives,OWN_TRANSPARENT_FROZEN_POOL,100538fcff4cdf48664a7605078a07c1cd371c89c69b0f802b71f7c962b7efe7,6d5668687bcadafb9331667ad83491069c034e2d392f7e9706fd9a080e54b04d,9dc84afdc0314db7a3857d497ef1de6f49576769f48996d42ec4a9b3de1e89b1,1,0,0,0,NA:NO_INDEPENDENT_PAIR_GT,ORDER_UNRESOLVED_OR_COARSE,"CDM subject UUID stable, lifecycle unknown",,FEASIBLE,11,2,0,2,2,9.875046089291573e-06,NA:not_measured,COMPLETED_WITH_SCOPE_LIMITS,2,11,1,path selection uses no evaluation references
CADETS_20180412,E3_CADETS_APR12,Q12_SHELLCODE_CONNECT,B0,OWN_TRANSPARENT_FROZEN_POOL,100538fcff4cdf48664a7605078a07c1cd371c89c69b0f802b71f7c962b7efe7,6d5668687bcadafb9331667ad83491069c034e2d392f7e9706fd9a080e54b04d,9dc84afdc0314db7a3857d497ef1de6f49576769f48996d42ec4a9b3de1e89b1,1,0,0,0,NA:NO_INDEPENDENT_PAIR_GT,ORDER_UNRESOLVED_OR_COARSE,"CDM subject UUID stable, lifecycle unknown",,FULL_POOL_EXCEEDS_OUTPUT_BUDGET,11,11,0,11,11,1.0830117389559746e-06,NA:not_measured,FULL_POOL_OVER_BUDGET,8,11,0,B0 displays full time/direction candidate pool; no ranking
CADETS_20180412,E3_CADETS_APR12,Q12_SHELLCODE_CONNECT,B1-Min,OWN_TRANSPARENT_FROZEN_POOL,100538fcff4cdf48664a7605078a07c1cd371c89c69b0f802b71f7c962b7efe7,6d5668687bcadafb9331667ad83491069c034e2d392f7e9706fd9a080e54b04d,9dc84afdc0314db7a3857d497ef1de6f49576769f48996d42ec4a9b3de1e89b1,1,0,0,0,NA:NO_INDEPENDENT_PAIR_GT,ORDER_UNRESOLVED_OR_COARSE,"CDM subject UUID stable, lifecycle unknown",,FEASIBLE,11,2,0,2,2,3.304204437881708e-05,NA:not_measured,COMPLETED_WITH_SCOPE_LIMITS,8,11,1,path selection uses no evaluation references
CADETS_20180412,E3_CADETS_APR12,Q12_SHELLCODE_CONNECT,B1-Alternatives,OWN_TRANSPARENT_FROZEN_POOL,100538fcff4cdf48664a7605078a07c1cd371c89c69b0f802b71f7c962b7efe7,6d5668687bcadafb9331667ad83491069c034e2d392f7e9706fd9a080e54b04d,9dc84afdc0314db7a3857d497ef1de6f49576769f48996d42ec4a9b3de1e89b1,1,0,0,0,NA:NO_INDEPENDENT_PAIR_GT,ORDER_UNRESOLVED_OR_COARSE,"CDM subject UUID stable, lifecycle unknown",,FEASIBLE,11,5,0,5,5,6.416928954422474e-06,NA:not_measured,COMPLETED_WITH_SCOPE_LIMITS,8,11,3,path selection uses no evaluation references
CADETS_20180412,E3_CADETS_APR12,Q12_SHELLCODE_CONNECT,B0,OWN_TRANSPARENT_FROZEN_POOL,100538fcff4cdf48664a7605078a07c1cd371c89c69b0f802b71f7c962b7efe7,6d5668687bcadafb9331667ad83491069c034e2d392f7e9706fd9a080e54b04d,9dc84afdc0314db7a3857d497ef1de6f49576769f48996d42ec4a9b3de1e89b1,1,0,0,0,NA:NO_INDEPENDENT_PAIR_GT,ORDER_UNRESOLVED_OR_COARSE,"CDM subject UUID stable, lifecycle unknown",,FEASIBLE,11,11,0,11,11,1.374981366097927e-06,NA:not_measured,COMPLETED_WITH_SCOPE_LIMITS,200,11,0,B0 displays full time/direction candidate pool; no ranking
CADETS_20180412,E3_CADETS_APR12,Q12_SHELLCODE_CONNECT,B1-Min,OWN_TRANSPARENT_FROZEN_POOL,100538fcff4cdf48664a7605078a07c1cd371c89c69b0f802b71f7c962b7efe7,6d5668687bcadafb9331667ad83491069c034e2d392f7e9706fd9a080e54b04d,9dc84afdc0314db7a3857d497ef1de6f49576769f48996d42ec4a9b3de1e89b1,1,0,0,0,NA:NO_INDEPENDENT_PAIR_GT,ORDER_UNRESOLVED_OR_COARSE,"CDM subject UUID stable, lifecycle unknown",,FEASIBLE,11,2,0,2,2,3.500026650726795e-06,NA:not_measured,COMPLETED_WITH_SCOPE_LIMITS,200,11,1,path selection uses no evaluation references
CADETS_20180412,E3_CADETS_APR12,Q12_SHELLCODE_CONNECT,B1-Alternatives,OWN_TRANSPARENT_FROZEN_POOL,100538fcff4cdf48664a7605078a07c1cd371c89c69b0f802b71f7c962b7efe7,6d5668687bcadafb9331667ad83491069c034e2d392f7e9706fd9a080e54b04d,9dc84afdc0314db7a3857d497ef1de6f49576769f48996d42ec4a9b3de1e89b1,1,0,0,0,NA:NO_INDEPENDENT_PAIR_GT,ORDER_UNRESOLVED_OR_COARSE,"CDM subject UUID stable, lifecycle unknown",,FEASIBLE,11,5,0,5,5,4.124944098293781e-06,NA:not_measured,COMPLETED_WITH_SCOPE_LIMITS,200,11,3,path selection uses no evaluation references
CADETS_20180412,E3_CADETS_APR12,Q12_TWO_CONNECTIONS,B0,OWN_TRANSPARENT_FROZEN_POOL,100538fcff4cdf48664a7605078a07c1cd371c89c69b0f802b71f7c962b7efe7,81cc6b86d60b064a1822e9ae188ceff3e4275a06f88a83a7a185f8310008a4e3,9dc84afdc0314db7a3857d497ef1de6f49576769f48996d42ec4a9b3de1e89b1,2,1,0,1,NA:NO_INDEPENDENT_PAIR_GT,ORDER_UNRESOLVED_OR_COARSE,"CDM subject UUID stable, lifecycle unknown",,FULL_POOL_EXCEEDS_OUTPUT_BUDGET,162,162,0,162,162,2.125045284628868e-06,NA:not_measured,FULL_POOL_OVER_BUDGET,2,162,0,B0 displays full time/direction candidate pool; no ranking
CADETS_20180412,E3_CADETS_APR12,Q12_TWO_CONNECTIONS,B1-Min,OWN_TRANSPARENT_FROZEN_POOL,100538fcff4cdf48664a7605078a07c1cd371c89c69b0f802b71f7c962b7efe7,81cc6b86d60b064a1822e9ae188ceff3e4275a06f88a83a7a185f8310008a4e3,9dc84afdc0314db7a3857d497ef1de6f49576769f48996d42ec4a9b3de1e89b1,2,1,0,0,NA:NO_INDEPENDENT_PAIR_GT,ORDER_UNRESOLVED_OR_COARSE,"CDM subject UUID stable, lifecycle unknown",21944BC3-1FFB-59C4-8B2E-18AC7F2020CE->EBFB7595-F532-54F8-B51B-CE074AAAFE37,OUTPUT_BUDGET_INFEASIBLE,162,2,0,2,2,1.966592390090227e-05,NA:not_measured,COMPLETED_WITH_SCOPE_LIMITS,2,162,1,path selection uses no evaluation references
CADETS_20180412,E3_CADETS_APR12,Q12_TWO_CONNECTIONS,B1-Alternatives,OWN_TRANSPARENT_FROZEN_POOL,100538fcff4cdf48664a7605078a07c1cd371c89c69b0f802b71f7c962b7efe7,81cc6b86d60b064a1822e9ae188ceff3e4275a06f88a83a7a185f8310008a4e3,9dc84afdc0314db7a3857d497ef1de6f49576769f48996d42ec4a9b3de1e89b1,2,1,0,0,NA:NO_INDEPENDENT_PAIR_GT,ORDER_UNRESOLVED_OR_COARSE,"CDM subject UUID stable, lifecycle unknown",21944BC3-1FFB-59C4-8B2E-18AC7F2020CE->EBFB7595-F532-54F8-B51B-CE074AAAFE37,OUTPUT_BUDGET_INFEASIBLE,162,2,0,2,2,1.2333039194345474e-05,NA:not_measured,COMPLETED_WITH_SCOPE_LIMITS,2,162,1,path selection uses no evaluation references
CADETS_20180412,E3_CADETS_APR12,Q12_TWO_CONNECTIONS,B0,OWN_TRANSPARENT_FROZEN_POOL,100538fcff4cdf48664a7605078a07c1cd371c89c69b0f802b71f7c962b7efe7,81cc6b86d60b064a1822e9ae188ceff3e4275a06f88a83a7a185f8310008a4e3,9dc84afdc0314db7a3857d497ef1de6f49576769f48996d42ec4a9b3de1e89b1,2,1,0,1,NA:NO_INDEPENDENT_PAIR_GT,ORDER_UNRESOLVED_OR_COARSE,"CDM subject UUID stable, lifecycle unknown",,FULL_POOL_EXCEEDS_OUTPUT_BUDGET,162,162,0,162,162,3.374996595084667e-06,NA:not_measured,FULL_POOL_OVER_BUDGET,8,162,0,B0 displays full time/direction candidate pool; no ranking
CADETS_20180412,E3_CADETS_APR12,Q12_TWO_CONNECTIONS,B1-Min,OWN_TRANSPARENT_FROZEN_POOL,100538fcff4cdf48664a7605078a07c1cd371c89c69b0f802b71f7c962b7efe7,81cc6b86d60b064a1822e9ae188ceff3e4275a06f88a83a7a185f8310008a4e3,9dc84afdc0314db7a3857d497ef1de6f49576769f48996d42ec4a9b3de1e89b1,2,1,0,1,NA:NO_INDEPENDENT_PAIR_GT,ORDER_UNRESOLVED_OR_COARSE,"CDM subject UUID stable, lifecycle unknown",,FEASIBLE,162,3,0,3,3,8.58306884765625e-06,NA:not_measured,COMPLETED_WITH_SCOPE_LIMITS,8,162,2,path selection uses no evaluation references
CADETS_20180412,E3_CADETS_APR12,Q12_TWO_CONNECTIONS,B1-Alternatives,OWN_TRANSPARENT_FROZEN_POOL,100538fcff4cdf48664a7605078a07c1cd371c89c69b0f802b71f7c962b7efe7,81cc6b86d60b064a1822e9ae188ceff3e4275a06f88a83a7a185f8310008a4e3,9dc84afdc0314db7a3857d497ef1de6f49576769f48996d42ec4a9b3de1e89b1,2,1,0,1,NA:NO_INDEPENDENT_PAIR_GT,ORDER_UNRESOLVED_OR_COARSE,"CDM subject UUID stable, lifecycle unknown",,FEASIBLE,162,7,0,7,7,9.582960046827793e-06,NA:not_measured,COMPLETED_WITH_SCOPE_LIMITS,8,162,6,path selection uses no evaluation references
CADETS_20180412,E3_CADETS_APR12,Q12_TWO_CONNECTIONS,B0,OWN_TRANSPARENT_FROZEN_POOL,100538fcff4cdf48664a7605078a07c1cd371c89c69b0f802b71f7c962b7efe7,81cc6b86d60b064a1822e9ae188ceff3e4275a06f88a83a7a185f8310008a4e3,9dc84afdc0314db7a3857d497ef1de6f49576769f48996d42ec4a9b3de1e89b1,2,1,0,1,NA:NO_INDEPENDENT_PAIR_GT,ORDER_UNRESOLVED_OR_COARSE,"CDM subject UUID stable, lifecycle unknown",,FEASIBLE,162,162,0,162,162,2.5830231606960297e-06,NA:not_measured,COMPLETED_WITH_SCOPE_LIMITS,200,162,0,B0 displays full time/direction candidate pool; no ranking
CADETS_20180412,E3_CADETS_APR12,Q12_TWO_CONNECTIONS,B1-Min,OWN_TRANSPARENT_FROZEN_POOL,100538fcff4cdf48664a7605078a07c1cd371c89c69b0f802b71f7c962b7efe7,81cc6b86d60b064a1822e9ae188ceff3e4275a06f88a83a7a185f8310008a4e3,9dc84afdc0314db7a3857d497ef1de6f49576769f48996d42ec4a9b3de1e89b1,2,1,0,1,NA:NO_INDEPENDENT_PAIR_GT,ORDER_UNRESOLVED_OR_COARSE,"CDM subject UUID stable, lifecycle unknown",,FEASIBLE,162,3,0,3,3,8.417060598731041e-06,NA:not_measured,COMPLETED_WITH_SCOPE_LIMITS,200,162,2,path selection uses no evaluation references
CADETS_20180412,E3_CADETS_APR12,Q12_TWO_CONNECTIONS,B1-Alternatives,OWN_TRANSPARENT_FROZEN_POOL,100538fcff4cdf48664a7605078a07c1cd371c89c69b0f802b71f7c962b7efe7,81cc6b86d60b064a1822e9ae188ceff3e4275a06f88a83a7a185f8310008a4e3,9dc84afdc0314db7a3857d497ef1de6f49576769f48996d42ec4a9b3de1e89b1,2,1,0,1,NA:NO_INDEPENDENT_PAIR_GT,ORDER_UNRESOLVED_OR_COARSE,"CDM subject UUID stable, lifecycle unknown",,FEASIBLE,162,7,0,7,7,1.083302777260542e-05,NA:not_measured,COMPLETED_WITH_SCOPE_LIMITS,200,162,6,path selection uses no evaluation references
NODLINK_WS12,NODLINK_SIMULATED_WS12,W_CERTUTIL,B0,OWN_TRANSPARENT_ANOMALY_ONLY_ADAPTER,2dc769b5360c08a4abcf2359a9851dc944ece1f8f9ecd1df2a4f264672a76ea2,45aa2ca7f21dafe843fef09d331a4f5dee7e28697d1da6ca6ef288500af817f4,37068b9e3cf1694ad861c6f5a4bc2c036f853efa0b1ba7bf7ec31f5639bfd5c9,1,1,1,1,1,RELATIVE_TIME_ORDER_ONLY,PID start constrained; UniqueProcessKey reuse observed,,FEASIBLE,2,2,0,2,2,7.080379873514175e-07,NA:not_measured,COMPLETED_WITH_SCOPE_LIMITS,2,2,0,B0 displays full time/direction candidate pool; no ranking
NODLINK_WS12,NODLINK_SIMULATED_WS12,W_CERTUTIL,B1-Min,OWN_TRANSPARENT_ANOMALY_ONLY_ADAPTER,2dc769b5360c08a4abcf2359a9851dc944ece1f8f9ecd1df2a4f264672a76ea2,45aa2ca7f21dafe843fef09d331a4f5dee7e28697d1da6ca6ef288500af817f4,37068b9e3cf1694ad861c6f5a4bc2c036f853efa0b1ba7bf7ec31f5639bfd5c9,1,1,1,1,1,RELATIVE_TIME_ORDER_ONLY,PID start constrained; UniqueProcessKey reuse observed,,FEASIBLE,2,2,0,2,2,5.583977326750755e-06,NA:not_measured,COMPLETED_WITH_SCOPE_LIMITS,2,2,1,path selection uses no evaluation references
NODLINK_WS12,NODLINK_SIMULATED_WS12,W_CERTUTIL,B1-Alternatives,OWN_TRANSPARENT_ANOMALY_ONLY_ADAPTER,2dc769b5360c08a4abcf2359a9851dc944ece1f8f9ecd1df2a4f264672a76ea2,45aa2ca7f21dafe843fef09d331a4f5dee7e28697d1da6ca6ef288500af817f4,37068b9e3cf1694ad861c6f5a4bc2c036f853efa0b1ba7bf7ec31f5639bfd5c9,1,1,1,1,1,RELATIVE_TIME_ORDER_ONLY,PID start constrained; UniqueProcessKey reuse observed,,FEASIBLE,2,2,0,2,2,3.5830307751893997e-06,NA:not_measured,COMPLETED_WITH_SCOPE_LIMITS,2,2,1,path selection uses no evaluation references
NODLINK_WS12,NODLINK_SIMULATED_WS12,W_CERTUTIL,B0,OWN_TRANSPARENT_ANOMALY_ONLY_ADAPTER,2dc769b5360c08a4abcf2359a9851dc944ece1f8f9ecd1df2a4f264672a76ea2,45aa2ca7f21dafe843fef09d331a4f5dee7e28697d1da6ca6ef288500af817f4,37068b9e3cf1694ad861c6f5a4bc2c036f853efa0b1ba7bf7ec31f5639bfd5c9,1,1,1,1,1,RELATIVE_TIME_ORDER_ONLY,PID start constrained; UniqueProcessKey reuse observed,,FEASIBLE,2,2,0,2,2,7.08969309926033e-07,NA:not_measured,COMPLETED_WITH_SCOPE_LIMITS,8,2,0,B0 displays full time/direction candidate pool; no ranking
NODLINK_WS12,NODLINK_SIMULATED_WS12,W_CERTUTIL,B1-Min,OWN_TRANSPARENT_ANOMALY_ONLY_ADAPTER,2dc769b5360c08a4abcf2359a9851dc944ece1f8f9ecd1df2a4f264672a76ea2,45aa2ca7f21dafe843fef09d331a4f5dee7e28697d1da6ca6ef288500af817f4,37068b9e3cf1694ad861c6f5a4bc2c036f853efa0b1ba7bf7ec31f5639bfd5c9,1,1,1,1,1,RELATIVE_TIME_ORDER_ONLY,PID start constrained; UniqueProcessKey reuse observed,,FEASIBLE,2,2,0,2,2,2.5829067453742027e-06,NA:not_measured,COMPLETED_WITH_SCOPE_LIMITS,8,2,1,path selection uses no evaluation references
NODLINK_WS12,NODLINK_SIMULATED_WS12,W_CERTUTIL,B1-Alternatives,OWN_TRANSPARENT_ANOMALY_ONLY_ADAPTER,2dc769b5360c08a4abcf2359a9851dc944ece1f8f9ecd1df2a4f264672a76ea2,45aa2ca7f21dafe843fef09d331a4f5dee7e28697d1da6ca6ef288500af817f4,37068b9e3cf1694ad861c6f5a4bc2c036f853efa0b1ba7bf7ec31f5639bfd5c9,1,1,1,1,1,RELATIVE_TIME_ORDER_ONLY,PID start constrained; UniqueProcessKey reuse observed,,FEASIBLE,2,2,0,2,2,2.8329668566584587e-06,NA:not_measured,COMPLETED_WITH_SCOPE_LIMITS,8,2,1,path selection uses no evaluation references
NODLINK_WS12,NODLINK_SIMULATED_WS12,W_CERTUTIL,B0,OWN_TRANSPARENT_ANOMALY_ONLY_ADAPTER,2dc769b5360c08a4abcf2359a9851dc944ece1f8f9ecd1df2a4f264672a76ea2,45aa2ca7f21dafe843fef09d331a4f5dee7e28697d1da6ca6ef288500af817f4,37068b9e3cf1694ad861c6f5a4bc2c036f853efa0b1ba7bf7ec31f5639bfd5c9,1,1,1,1,1,RELATIVE_TIME_ORDER_ONLY,PID start constrained; UniqueProcessKey reuse observed,,FEASIBLE,2,2,0,2,2,4.580942913889885e-07,NA:not_measured,COMPLETED_WITH_SCOPE_LIMITS,64,2,0,B0 displays full time/direction candidate pool; no ranking
NODLINK_WS12,NODLINK_SIMULATED_WS12,W_CERTUTIL,B1-Min,OWN_TRANSPARENT_ANOMALY_ONLY_ADAPTER,2dc769b5360c08a4abcf2359a9851dc944ece1f8f9ecd1df2a4f264672a76ea2,45aa2ca7f21dafe843fef09d331a4f5dee7e28697d1da6ca6ef288500af817f4,37068b9e3cf1694ad861c6f5a4bc2c036f853efa0b1ba7bf7ec31f5639bfd5c9,1,1,1,1,1,RELATIVE_TIME_ORDER_ONLY,PID start constrained; UniqueProcessKey reuse observed,,FEASIBLE,2,2,0,2,2,2.333894371986389e-06,NA:not_measured,COMPLETED_WITH_SCOPE_LIMITS,64,2,1,path selection uses no evaluation references
NODLINK_WS12,NODLINK_SIMULATED_WS12,W_CERTUTIL,B1-Alternatives,OWN_TRANSPARENT_ANOMALY_ONLY_ADAPTER,2dc769b5360c08a4abcf2359a9851dc944ece1f8f9ecd1df2a4f264672a76ea2,45aa2ca7f21dafe843fef09d331a4f5dee7e28697d1da6ca6ef288500af817f4,37068b9e3cf1694ad861c6f5a4bc2c036f853efa0b1ba7bf7ec31f5639bfd5c9,1,1,1,1,1,RELATIVE_TIME_ORDER_ONLY,PID start constrained; UniqueProcessKey reuse observed,,FEASIBLE,2,2,0,2,2,2.4579931050539017e-06,NA:not_measured,COMPLETED_WITH_SCOPE_LIMITS,64,2,1,path selection uses no evaluation references
NODLINK_WS12,NODLINK_SIMULATED_WS12,W_AGENT,B0,OWN_TRANSPARENT_ANOMALY_ONLY_ADAPTER,2dc769b5360c08a4abcf2359a9851dc944ece1f8f9ecd1df2a4f264672a76ea2,f03e57bd65e02275d1e36f285973957f17b00d5ec2af132ccf4fe3dd3331d4f9,37068b9e3cf1694ad861c6f5a4bc2c036f853efa0b1ba7bf7ec31f5639bfd5c9,1,1,1,1,1,RELATIVE_TIME_ORDER_ONLY,PID start constrained; UniqueProcessKey reuse observed,,FULL_POOL_EXCEEDS_OUTPUT_BUDGET,3,3,0,3,3,6.25033862888813e-07,NA:not_measured,FULL_POOL_OVER_BUDGET,2,3,0,B0 displays full time/direction candidate pool; no ranking
NODLINK_WS12,NODLINK_SIMULATED_WS12,W_AGENT,B1-Min,OWN_TRANSPARENT_ANOMALY_ONLY_ADAPTER,2dc769b5360c08a4abcf2359a9851dc944ece1f8f9ecd1df2a4f264672a76ea2,f03e57bd65e02275d1e36f285973957f17b00d5ec2af132ccf4fe3dd3331d4f9,37068b9e3cf1694ad861c6f5a4bc2c036f853efa0b1ba7bf7ec31f5639bfd5c9,1,1,1,0,0,RELATIVE_TIME_ORDER_ONLY,PID start constrained; UniqueProcessKey reuse observed,ws12@15345869->ws12@15375641,OUTPUT_BUDGET_INFEASIBLE,3,0,0,0,0,2.8329668566584587e-06,NA:not_measured,COMPLETED_WITH_SCOPE_LIMITS,2,3,0,path selection uses no evaluation references
NODLINK_WS12,NODLINK_SIMULATED_WS12,W_AGENT,B1-Alternatives,OWN_TRANSPARENT_ANOMALY_ONLY_ADAPTER,2dc769b5360c08a4abcf2359a9851dc944ece1f8f9ecd1df2a4f264672a76ea2,f03e57bd65e02275d1e36f285973957f17b00d5ec2af132ccf4fe3dd3331d4f9,37068b9e3cf1694ad861c6f5a4bc2c036f853efa0b1ba7bf7ec31f5639bfd5c9,1,1,1,0,0,RELATIVE_TIME_ORDER_ONLY,PID start constrained; UniqueProcessKey reuse observed,ws12@15345869->ws12@15375641,OUTPUT_BUDGET_INFEASIBLE,3,0,0,0,0,2.5419285520911217e-06,NA:not_measured,COMPLETED_WITH_SCOPE_LIMITS,2,3,0,path selection uses no evaluation references
NODLINK_WS12,NODLINK_SIMULATED_WS12,W_AGENT,B0,OWN_TRANSPARENT_ANOMALY_ONLY_ADAPTER,2dc769b5360c08a4abcf2359a9851dc944ece1f8f9ecd1df2a4f264672a76ea2,f03e57bd65e02275d1e36f285973957f17b00d5ec2af132ccf4fe3dd3331d4f9,37068b9e3cf1694ad861c6f5a4bc2c036f853efa0b1ba7bf7ec31f5639bfd5c9,1,1,1,1,1,RELATIVE_TIME_ORDER_ONLY,PID start constrained; UniqueProcessKey reuse observed,,FEASIBLE,3,3,0,3,3,3.7497375160455704e-07,NA:not_measured,COMPLETED_WITH_SCOPE_LIMITS,8,3,0,B0 displays full time/direction candidate pool; no ranking
NODLINK_WS12,NODLINK_SIMULATED_WS12,W_AGENT,B1-Min,OWN_TRANSPARENT_ANOMALY_ONLY_ADAPTER,2dc769b5360c08a4abcf2359a9851dc944ece1f8f9ecd1df2a4f264672a76ea2,f03e57bd65e02275d1e36f285973957f17b00d5ec2af132ccf4fe3dd3331d4f9,37068b9e3cf1694ad861c6f5a4bc2c036f853efa0b1ba7bf7ec31f5639bfd5c9,1,1,1,1,1,RELATIVE_TIME_ORDER_ONLY,PID start constrained; UniqueProcessKey reuse observed,,FEASIBLE,3,3,0,3,3,2.334010787308216e-06,NA:not_measured,COMPLETED_WITH_SCOPE_LIMITS,8,3,1,path selection uses no evaluation references
NODLINK_WS12,NODLINK_SIMULATED_WS12,W_AGENT,B1-Alternatives,OWN_TRANSPARENT_ANOMALY_ONLY_ADAPTER,2dc769b5360c08a4abcf2359a9851dc944ece1f8f9ecd1df2a4f264672a76ea2,f03e57bd65e02275d1e36f285973957f17b00d5ec2af132ccf4fe3dd3331d4f9,37068b9e3cf1694ad861c6f5a4bc2c036f853efa0b1ba7bf7ec31f5639bfd5c9,1,1,1,1,1,RELATIVE_TIME_ORDER_ONLY,PID start constrained; UniqueProcessKey reuse observed,,FEASIBLE,3,3,0,3,3,2.6669586077332497e-06,NA:not_measured,COMPLETED_WITH_SCOPE_LIMITS,8,3,1,path selection uses no evaluation references
NODLINK_WS12,NODLINK_SIMULATED_WS12,W_AGENT,B0,OWN_TRANSPARENT_ANOMALY_ONLY_ADAPTER,2dc769b5360c08a4abcf2359a9851dc944ece1f8f9ecd1df2a4f264672a76ea2,f03e57bd65e02275d1e36f285973957f17b00d5ec2af132ccf4fe3dd3331d4f9,37068b9e3cf1694ad861c6f5a4bc2c036f853efa0b1ba7bf7ec31f5639bfd5c9,1,1,1,1,1,RELATIVE_TIME_ORDER_ONLY,PID start constrained; UniqueProcessKey reuse observed,,FEASIBLE,3,3,0,3,3,4.1606836020946503e-07,NA:not_measured,COMPLETED_WITH_SCOPE_LIMITS,64,3,0,B0 displays full time/direction candidate pool; no ranking
NODLINK_WS12,NODLINK_SIMULATED_WS12,W_AGENT,B1-Min,OWN_TRANSPARENT_ANOMALY_ONLY_ADAPTER,2dc769b5360c08a4abcf2359a9851dc944ece1f8f9ecd1df2a4f264672a76ea2,f03e57bd65e02275d1e36f285973957f17b00d5ec2af132ccf4fe3dd3331d4f9,37068b9e3cf1694ad861c6f5a4bc2c036f853efa0b1ba7bf7ec31f5639bfd5c9,1,1,1,1,1,RELATIVE_TIME_ORDER_ONLY,PID start constrained; UniqueProcessKey reuse observed,,FEASIBLE,3,3,0,3,3,4.624947905540466e-06,NA:not_measured,COMPLETED_WITH_SCOPE_LIMITS,64,3,1,path selection uses no evaluation references
NODLINK_WS12,NODLINK_SIMULATED_WS12,W_AGENT,B1-Alternatives,OWN_TRANSPARENT_ANOMALY_ONLY_ADAPTER,2dc769b5360c08a4abcf2359a9851dc944ece1f8f9ecd1df2a4f264672a76ea2,f03e57bd65e02275d1e36f285973957f17b00d5ec2af132ccf4fe3dd3331d4f9,37068b9e3cf1694ad861c6f5a4bc2c036f853efa0b1ba7bf7ec31f5639bfd5c9,1,1,1,1,1,RELATIVE_TIME_ORDER_ONLY,PID start constrained; UniqueProcessKey reuse observed,,FEASIBLE,3,3,0,3,3,3.583962097764015e-06,NA:not_measured,COMPLETED_WITH_SCOPE_LIMITS,64,3,1,path selection uses no evaluation references
NODLINK_WS12,NODLINK_SIMULATED_WS12,W_BOTH,B0,OWN_TRANSPARENT_ANOMALY_ONLY_ADAPTER,2dc769b5360c08a4abcf2359a9851dc944ece1f8f9ecd1df2a4f264672a76ea2,45607ed1fa03b66d9d071b6dab576b590243c9bec8cc83fc490d2b393839c1f9,37068b9e3cf1694ad861c6f5a4bc2c036f853efa0b1ba7bf7ec31f5639bfd5c9,2,2,2,2,2,RELATIVE_TIME_ORDER_ONLY,PID start constrained; UniqueProcessKey reuse observed,,FULL_POOL_EXCEEDS_OUTPUT_BUDGET,4,4,0,4,4,1.00000761449337e-06,NA:not_measured,FULL_POOL_OVER_BUDGET,2,4,0,B0 displays full time/direction candidate pool; no ranking
NODLINK_WS12,NODLINK_SIMULATED_WS12,W_BOTH,B1-Min,OWN_TRANSPARENT_ANOMALY_ONLY_ADAPTER,2dc769b5360c08a4abcf2359a9851dc944ece1f8f9ecd1df2a4f264672a76ea2,45607ed1fa03b66d9d071b6dab576b590243c9bec8cc83fc490d2b393839c1f9,37068b9e3cf1694ad861c6f5a4bc2c036f853efa0b1ba7bf7ec31f5639bfd5c9,2,2,2,1,1,RELATIVE_TIME_ORDER_ONLY,PID start constrained; UniqueProcessKey reuse observed,ws12@15345869->ws12@15375641,OUTPUT_BUDGET_INFEASIBLE,4,2,0,2,2,6.708083674311638e-06,NA:not_measured,COMPLETED_WITH_SCOPE_LIMITS,2,4,1,path selection uses no evaluation references
NODLINK_WS12,NODLINK_SIMULATED_WS12,W_BOTH,B1-Alternatives,OWN_TRANSPARENT_ANOMALY_ONLY_ADAPTER,2dc769b5360c08a4abcf2359a9851dc944ece1f8f9ecd1df2a4f264672a76ea2,45607ed1fa03b66d9d071b6dab576b590243c9bec8cc83fc490d2b393839c1f9,37068b9e3cf1694ad861c6f5a4bc2c036f853efa0b1ba7bf7ec31f5639bfd5c9,2,2,2,1,1,RELATIVE_TIME_ORDER_ONLY,PID start constrained; UniqueProcessKey reuse observed,ws12@15345869->ws12@15375641,OUTPUT_BUDGET_INFEASIBLE,4,2,0,2,2,5.166977643966675e-06,NA:not_measured,COMPLETED_WITH_SCOPE_LIMITS,2,4,1,path selection uses no evaluation references
NODLINK_WS12,NODLINK_SIMULATED_WS12,W_BOTH,B0,OWN_TRANSPARENT_ANOMALY_ONLY_ADAPTER,2dc769b5360c08a4abcf2359a9851dc944ece1f8f9ecd1df2a4f264672a76ea2,45607ed1fa03b66d9d071b6dab576b590243c9bec8cc83fc490d2b393839c1f9,37068b9e3cf1694ad861c6f5a4bc2c036f853efa0b1ba7bf7ec31f5639bfd5c9,2,2,2,2,2,RELATIVE_TIME_ORDER_ONLY,PID start constrained; UniqueProcessKey reuse observed,,FEASIBLE,4,4,0,4,4,7.499475032091141e-07,NA:not_measured,COMPLETED_WITH_SCOPE_LIMITS,8,4,0,B0 displays full time/direction candidate pool; no ranking
NODLINK_WS12,NODLINK_SIMULATED_WS12,W_BOTH,B1-Min,OWN_TRANSPARENT_ANOMALY_ONLY_ADAPTER,2dc769b5360c08a4abcf2359a9851dc944ece1f8f9ecd1df2a4f264672a76ea2,45607ed1fa03b66d9d071b6dab576b590243c9bec8cc83fc490d2b393839c1f9,37068b9e3cf1694ad861c6f5a4bc2c036f853efa0b1ba7bf7ec31f5639bfd5c9,2,2,2,2,2,RELATIVE_TIME_ORDER_ONLY,PID start constrained; UniqueProcessKey reuse observed,,FEASIBLE,4,4,0,4,4,4.541943781077862e-06,NA:not_measured,COMPLETED_WITH_SCOPE_LIMITS,8,4,2,path selection uses no evaluation references
NODLINK_WS12,NODLINK_SIMULATED_WS12,W_BOTH,B1-Alternatives,OWN_TRANSPARENT_ANOMALY_ONLY_ADAPTER,2dc769b5360c08a4abcf2359a9851dc944ece1f8f9ecd1df2a4f264672a76ea2,45607ed1fa03b66d9d071b6dab576b590243c9bec8cc83fc490d2b393839c1f9,37068b9e3cf1694ad861c6f5a4bc2c036f853efa0b1ba7bf7ec31f5639bfd5c9,2,2,2,2,2,RELATIVE_TIME_ORDER_ONLY,PID start constrained; UniqueProcessKey reuse observed,,FEASIBLE,4,4,0,4,4,4.084082320332527e-06,NA:not_measured,COMPLETED_WITH_SCOPE_LIMITS,8,4,2,path selection uses no evaluation references
NODLINK_WS12,NODLINK_SIMULATED_WS12,W_BOTH,B0,OWN_TRANSPARENT_ANOMALY_ONLY_ADAPTER,2dc769b5360c08a4abcf2359a9851dc944ece1f8f9ecd1df2a4f264672a76ea2,45607ed1fa03b66d9d071b6dab576b590243c9bec8cc83fc490d2b393839c1f9,37068b9e3cf1694ad861c6f5a4bc2c036f853efa0b1ba7bf7ec31f5639bfd5c9,2,2,2,2,2,RELATIVE_TIME_ORDER_ONLY,PID start constrained; UniqueProcessKey reuse observed,,FEASIBLE,4,4,0,4,4,5.419133231043816e-07,NA:not_measured,COMPLETED_WITH_SCOPE_LIMITS,64,4,0,B0 displays full time/direction candidate pool; no ranking
NODLINK_WS12,NODLINK_SIMULATED_WS12,W_BOTH,B1-Min,OWN_TRANSPARENT_ANOMALY_ONLY_ADAPTER,2dc769b5360c08a4abcf2359a9851dc944ece1f8f9ecd1df2a4f264672a76ea2,45607ed1fa03b66d9d071b6dab576b590243c9bec8cc83fc490d2b393839c1f9,37068b9e3cf1694ad861c6f5a4bc2c036f853efa0b1ba7bf7ec31f5639bfd5c9,2,2,2,2,2,RELATIVE_TIME_ORDER_ONLY,PID start constrained; UniqueProcessKey reuse observed,,FEASIBLE,4,4,0,4,4,3.2919924706220627e-06,NA:not_measured,COMPLETED_WITH_SCOPE_LIMITS,64,4,2,path selection uses no evaluation references
NODLINK_WS12,NODLINK_SIMULATED_WS12,W_BOTH,B1-Alternatives,OWN_TRANSPARENT_ANOMALY_ONLY_ADAPTER,2dc769b5360c08a4abcf2359a9851dc944ece1f8f9ecd1df2a4f264672a76ea2,45607ed1fa03b66d9d071b6dab576b590243c9bec8cc83fc490d2b393839c1f9,37068b9e3cf1694ad861c6f5a4bc2c036f853efa0b1ba7bf7ec31f5639bfd5c9,2,2,2,2,2,RELATIVE_TIME_ORDER_ONLY,PID start constrained; UniqueProcessKey reuse observed,,FEASIBLE,4,4,0,4,4,3.459048457443714e-06,NA:not_measured,COMPLETED_WITH_SCOPE_LIMITS,64,4,2,path selection uses no evaluation references
