source_event_uuid,target_event_uuid,source_timestamp_ns,target_timestamp_ns,source_subject_uuid,target_subject_uuid,source_raw_offset,source_raw_sha256,target_raw_offset,target_raw_sha256,relation_semantics,evidence_strength,uncertainty_reason
EBFB7595-F532-54F8-B51B-CE074AAAFE37,2981B30D-352A-503E-846C-9395E559349D,1523556023166196193,1523556023176197934,11C64B2C-3DC3-11E8-A5CA-3FA3753A265A,11C64B2C-3DC3-11E8-A5CA-3FA3753A265A,3089881394,1f1af48eaedd0b47bc1cb9ace3b8b5f816eace1c5ec4ba6d9e4dc980815b01cf,3089904830,9dd84c7c5ea1c6b58710d0ad2049121ba2b5f7d0fbfd85b609261f5b1ede6d2c,MODEL_POSSIBLE_DEPENDENCY,coarse candidate,same long-lived process; no specific cross-operation byte/control-flow evidence
2981B30D-352A-503E-846C-9395E559349D,1909C996-B6AE-5980-9FB3-BB963033B320,1523556023176197934,1523556023216189287,11C64B2C-3DC3-11E8-A5CA-3FA3753A265A,11C64B2C-3DC3-11E8-A5CA-3FA3753A265A,3089904830,9dd84c7c5ea1c6b58710d0ad2049121ba2b5f7d0fbfd85b609261f5b1ede6d2c,3089909772,816b3c08bed941fc21d90d61c418f20a1cfa8e9993270f692ea90528a73098bb,MODEL_POSSIBLE_DEPENDENCY,coarse candidate,same long-lived process; no specific cross-operation byte/control-flow evidence
1909C996-B6AE-5980-9FB3-BB963033B320,7835D48A-6F3B-5D90-B23E-0AA526AE2CBE,1523556023216189287,1523556038356190932,11C64B2C-3DC3-11E8-A5CA-3FA3753A265A,11C64B2C-3DC3-11E8-A5CA-3FA3753A265A,3089909772,816b3c08bed941fc21d90d61c418f20a1cfa8e9993270f692ea90528a73098bb,3090053096,2793adc3b168d780578e4ab442f212d851d2af10415eee8ffde02c6eb185ff15,MODEL_POSSIBLE_DEPENDENCY,coarse candidate,same long-lived process; no specific cross-operation byte/control-flow evidence
7835D48A-6F3B-5D90-B23E-0AA526AE2CBE,F5AC70A1-D783-557B-A5A0-2859960276FB,1523556038356190932,1523556038396188056,11C64B2C-3DC3-11E8-A5CA-3FA3753A265A,11C64B2C-3DC3-11E8-A5CA-3FA3753A265A,3090053096,2793adc3b168d780578e4ab442f212d851d2af10415eee8ffde02c6eb185ff15,3090053897,3e7259632559d9afa23130eff8796133eb66c149b687cc077ad9b349378125ec,MODEL_POSSIBLE_DEPENDENCY,coarse candidate,same long-lived process; no specific cross-operation byte/control-flow evidence
F5AC70A1-D783-557B-A5A0-2859960276FB,3D47EC90-D5C8-5F21-AA83-3D077123FB78,1523556038396188056,1523556038476188133,11C64B2C-3DC3-11E8-A5CA-3FA3753A265A,11C64B2C-3DC3-11E8-A5CA-3FA3753A265A,3090053897,3e7259632559d9afa23130eff8796133eb66c149b687cc077ad9b349378125ec,3090057126,a16c222619fab31146690a085f2e21c471523bd72bb6596b5a307918c4707a94,MODEL_POSSIBLE_DEPENDENCY,coarse candidate,same long-lived process; no specific cross-operation byte/control-flow evidence
3D47EC90-D5C8-5F21-AA83-3D077123FB78,D2E7A679-13AA-5996-B20B-6CB2AA6810EA,1523556038476188133,1523556038486196843,11C64B2C-3DC3-11E8-A5CA-3FA3753A265A,11C64B2C-3DC3-11E8-A5CA-3FA3753A265A,3090057126,a16c222619fab31146690a085f2e21c471523bd72bb6596b5a307918c4707a94,3090061994,bc8fe07ab3bc78f39d28268e3d51e3235266b243dfd5427909e69e7b7afc15b6,MODEL_POSSIBLE_DEPENDENCY,coarse candidate,same long-lived process; no specific cross-operation byte/control-flow evidence
D2E7A679-13AA-5996-B20B-6CB2AA6810EA,3B67EE2B-4590-5F11-9BB8-C702A7AD7DB7,1523556038486196843,1523556044656190753,11C64B2C-3DC3-11E8-A5CA-3FA3753A265A,11C64B2C-3DC3-11E8-A5CA-3FA3753A265A,3090061994,bc8fe07ab3bc78f39d28268e3d51e3235266b243dfd5427909e69e7b7afc15b6,3090143430,f4101e0143a4ea09a92991ddc71208d4269c371971dd9e976facc23f69fc2985,MODEL_POSSIBLE_DEPENDENCY,coarse candidate,same long-lived process; no specific cross-operation byte/control-flow evidence
3B67EE2B-4590-5F11-9BB8-C702A7AD7DB7,280EF4CD-E7C8-5698-AB9E-32D95B270690,1523556044656190753,1523556044686191515,11C64B2C-3DC3-11E8-A5CA-3FA3753A265A,11C64B2C-3DC3-11E8-A5CA-3FA3753A265A,3090143430,f4101e0143a4ea09a92991ddc71208d4269c371971dd9e976facc23f69fc2985,3090146683,0eec04602f54b61bc7b84ad4b5f78f9de41e7104727dd66c09c85a1c8f14dae3,MODEL_POSSIBLE_DEPENDENCY,coarse candidate,same long-lived process; no specific cross-operation byte/control-flow evidence
280EF4CD-E7C8-5698-AB9E-32D95B270690,D70B3379-7655-5686-9204-02B31335B622,1523556044686191515,1523556045356187312,11C64B2C-3DC3-11E8-A5CA-3FA3753A265A,11C64B2C-3DC3-11E8-A5CA-3FA3753A265A,3090146683,0eec04602f54b61bc7b84ad4b5f78f9de41e7104727dd66c09c85a1c8f14dae3,3090155391,960fc3efdabd81e8f9a8c9b2b8cc58e31a766c8e35b4af8f47607c2977507bbb,MODEL_POSSIBLE_DEPENDENCY,coarse candidate,same long-lived process; no specific cross-operation byte/control-flow evidence
D70B3379-7655-5686-9204-02B31335B622,5CF7281E-B090-5F73-8666-89BB6F81DC02,1523556045356187312,1523556045396189705,11C64B2C-3DC3-11E8-A5CA-3FA3753A265A,11C64B2C-3DC3-11E8-A5CA-3FA3753A265A,3090155391,960fc3efdabd81e8f9a8c9b2b8cc58e31a766c8e35b4af8f47607c2977507bbb,3090156192,007454b4d2bed1a365ca78d40f192910acd408f523249aa9b04e9501012b2fce,MODEL_POSSIBLE_DEPENDENCY,coarse candidate,same long-lived process; no specific cross-operation byte/control-flow evidence
5CF7281E-B090-5F73-8666-89BB6F81DC02,0EB7A01E-F2AE-5CE6-BB71-A7F42387D80C,1523556045396189705,1523556045416190937,11C64B2C-3DC3-11E8-A5CA-3FA3753A265A,11C64B2C-3DC3-11E8-A5CA-3FA3753A265A,3090156192,007454b4d2bed1a365ca78d40f192910acd408f523249aa9b04e9501012b2fce,3090157754,f0caa627345db32131f3d6c8409369b5dcdcefff0b59d0026103c3128e398805,MODEL_POSSIBLE_DEPENDENCY,coarse candidate,same long-lived process; no specific cross-operation byte/control-flow evidence
0EB7A01E-F2AE-5CE6-BB71-A7F42387D80C,6DF7FC1E-97CE-5AB7-969E-60B576BE635A,1523556045416190937,1523556053856190738,11C64B2C-3DC3-11E8-A5CA-3FA3753A265A,11C64B2C-3DC3-11E8-A5CA-3FA3753A265A,3090157754,f0caa627345db32131f3d6c8409369b5dcdcefff0b59d0026103c3128e398805,3090227144,27a9cba584047441dbd2ea8ea7adfc2d6494d832a3a0f6ade6e1d6f06c0e8f81,MODEL_POSSIBLE_DEPENDENCY,coarse candidate,same long-lived process; no specific cross-operation byte/control-flow evidence
6DF7FC1E-97CE-5AB7-969E-60B576BE635A,E7CBBC48-292B-5296-B6CC-F6441935A37E,1523556053856190738,1523556053896190371,11C64B2C-3DC3-11E8-A5CA-3FA3753A265A,11C64B2C-3DC3-11E8-A5CA-3FA3753A265A,3090227144,27a9cba584047441dbd2ea8ea7adfc2d6494d832a3a0f6ade6e1d6f06c0e8f81,3090227945,ec9663c114e5d9dda2ee0e1cea911c6637982cd08493c87e36c778175609baab,MODEL_POSSIBLE_DEPENDENCY,coarse candidate,same long-lived process; no specific cross-operation byte/control-flow evidence
E7CBBC48-292B-5296-B6CC-F6441935A37E,0C9F2845-156C-57D3-8213-41131841B900,1523556053896190371,1523556053976189088,11C64B2C-3DC3-11E8-A5CA-3FA3753A265A,11C64B2C-3DC3-11E8-A5CA-3FA3753A265A,3090227945,ec9663c114e5d9dda2ee0e1cea911c6637982cd08493c87e36c778175609baab,3090228745,14354bcf947fce402b2f8012bf5b22f043d6b2560b27b689401ec7f615d4e00b,MODEL_POSSIBLE_DEPENDENCY,coarse candidate,same long-lived process; no specific cross-operation byte/control-flow evidence
0C9F2845-156C-57D3-8213-41131841B900,0BD6F618-E7F7-578A-B396-C2E7CCAA552C,1523556053976189088,1523556058256188708,11C64B2C-3DC3-11E8-A5CA-3FA3753A265A,11C64B2C-3DC3-11E8-A5CA-3FA3753A265A,3090228745,14354bcf947fce402b2f8012bf5b22f043d6b2560b27b689401ec7f615d4e00b,3090268681,4f9754a583d9ea9a5547ef46dae95d2d7829da525ac28fca34a3f54a71066c38,MODEL_POSSIBLE_DEPENDENCY,coarse candidate,same long-lived process; no specific cross-operation byte/control-flow evidence
0BD6F618-E7F7-578A-B396-C2E7CCAA552C,CCAF8204-2C8E-5EC7-A9F2-0FF3607AB333,1523556058256188708,1523556058366189257,11C64B2C-3DC3-11E8-A5CA-3FA3753A265A,11C64B2C-3DC3-11E8-A5CA-3FA3753A265A,3090268681,4f9754a583d9ea9a5547ef46dae95d2d7829da525ac28fca34a3f54a71066c38,3090270243,e897b0467174886ee44d237c69212568d98e3486b440f5cb35acc3c724d6e3c1,MODEL_POSSIBLE_DEPENDENCY,coarse candidate,same long-lived process; no specific cross-operation byte/control-flow evidence
CCAF8204-2C8E-5EC7-A9F2-0FF3607AB333,988A9B69-01A9-50DC-BAC5-A220819AD3A6,1523556058366189257,1523556060756187788,11C64B2C-3DC3-11E8-A5CA-3FA3753A265A,11C64B2C-3DC3-11E8-A5CA-3FA3753A265A,3090270243,e897b0467174886ee44d237c69212568d98e3486b440f5cb35acc3c724d6e3c1,3090304717,68bae09e8bde4ca26dd47369885c7d945cac76dd9b191707de78e260e6b233dd,MODEL_POSSIBLE_DEPENDENCY,coarse candidate,same long-lived process; no specific cross-operation byte/control-flow evidence
988A9B69-01A9-50DC-BAC5-A220819AD3A6,05851C05-628A-540A-B8BD-8FC97DEE1FC2,1523556060756187788,1523556060796187742,11C64B2C-3DC3-11E8-A5CA-3FA3753A265A,11C64B2C-3DC3-11E8-A5CA-3FA3753A265A,3090304717,68bae09e8bde4ca26dd47369885c7d945cac76dd9b191707de78e260e6b233dd,3090311689,2d22674fe93b73286779e606643654ddbbe1332c15018ddda18fb3b18e272250,MODEL_POSSIBLE_DEPENDENCY,coarse candidate,same long-lived process; no specific cross-operation byte/control-flow evidence
05851C05-628A-540A-B8BD-8FC97DEE1FC2,087739EC-DC86-5D32-A9FB-5DAC3F61188C,1523556060796187742,1523556060806191063,11C64B2C-3DC3-11E8-A5CA-3FA3753A265A,11C64B2C-3DC3-11E8-A5CA-3FA3753A265A,3090311689,2d22674fe93b73286779e606643654ddbbe1332c15018ddda18fb3b18e272250,3090329755,f5ed709193f1548f9cdfcea7e8d4b1dfe117cf88601a8c3563dd1b11e2baa60b,MODEL_POSSIBLE_DEPENDENCY,coarse candidate,same long-lived process; no specific cross-operation byte/control-flow evidence
087739EC-DC86-5D32-A9FB-5DAC3F61188C,00DF88A1-F391-5507-A243-2A7BEFEFA725,1523556060806191063,1523556060816190683,11C64B2C-3DC3-11E8-A5CA-3FA3753A265A,11C64B2C-3DC3-11E8-A5CA-3FA3753A265A,3090329755,f5ed709193f1548f9cdfcea7e8d4b1dfe117cf88601a8c3563dd1b11e2baa60b,3090341717,81c8c5897d989fbed3bffa72eb85007bf81f8a22e2277a4c9a124a2817586d3c,MODEL_POSSIBLE_DEPENDENCY,coarse candidate,same long-lived process; no specific cross-operation byte/control-flow evidence
00DF88A1-F391-5507-A243-2A7BEFEFA725,03B589C6-B070-56C8-8F54-59F88E78C06B,1523556060816190683,1523556060826190784,11C64B2C-3DC3-11E8-A5CA-3FA3753A265A,11C64B2C-3DC3-11E8-A5CA-3FA3753A265A,3090341717,81c8c5897d989fbed3bffa72eb85007bf81f8a22e2277a4c9a124a2817586d3c,3090375763,13dd566c6871543621a1e6491fbd8388425f3c52f00fb890972e260c70c9670f,MODEL_POSSIBLE_DEPENDENCY,coarse candidate,same long-lived process; no specific cross-operation byte/control-flow evidence
03B589C6-B070-56C8-8F54-59F88E78C06B,0068572A-2695-5453-812F-8F95FF1EBB0E,1523556060826190784,1523556060836191335,11C64B2C-3DC3-11E8-A5CA-3FA3753A265A,11C64B2C-3DC3-11E8-A5CA-3FA3753A265A,3090375763,13dd566c6871543621a1e6491fbd8388425f3c52f00fb890972e260c70c9670f,3090380277,d99dc1de732383f5bf0d50174337d6b88abc97219f63ddf5d552a83bfe93205c,MODEL_POSSIBLE_DEPENDENCY,coarse candidate,same long-lived process; no specific cross-operation byte/control-flow evidence
0068572A-2695-5453-812F-8F95FF1EBB0E,03C8D043-CAE7-5DBE-9EE8-93B68F15F12A,1523556060836191335,1523556060846189646,11C64B2C-3DC3-11E8-A5CA-3FA3753A265A,11C64B2C-3DC3-11E8-A5CA-3FA3753A265A,3090380277,d99dc1de732383f5bf0d50174337d6b88abc97219f63ddf5d552a83bfe93205c,3090402862,cbfc37dbdf35804279813d911e46b18fd50ea737cef15e95658cedc01cce063c,MODEL_POSSIBLE_DEPENDENCY,coarse candidate,same long-lived process; no specific cross-operation byte/control-flow evidence
03C8D043-CAE7-5DBE-9EE8-93B68F15F12A,009525FD-DC79-5531-B46C-63D87A608BC2,1523556060846189646,1523556060856196427,11C64B2C-3DC3-11E8-A5CA-3FA3753A265A,11C64B2C-3DC3-11E8-A5CA-3FA3753A265A,3090402862,cbfc37dbdf35804279813d911e46b18fd50ea737cef15e95658cedc01cce063c,3090432842,aa3fdd0e4f61fc2eafb60ff06944a46450a8fad5f684900993f6defb535e2217,MODEL_POSSIBLE_DEPENDENCY,coarse candidate,same long-lived process; no specific cross-operation byte/control-flow evidence
009525FD-DC79-5531-B46C-63D87A608BC2,098C7C25-4A1B-543C-9DD4-29E97CFFB0EF,1523556060856196427,1523556060866196888,11C64B2C-3DC3-11E8-A5CA-3FA3753A265A,11C64B2C-3DC3-11E8-A5CA-3FA3753A265A,3090432842,aa3fdd0e4f61fc2eafb60ff06944a46450a8fad5f684900993f6defb535e2217,3090472694,2a0c801a54aa4e5fe51800377f20695c1f923d61958e89953eb1425cc9d8e675,MODEL_POSSIBLE_DEPENDENCY,coarse candidate,same long-lived process; no specific cross-operation byte/control-flow evidence
098C7C25-4A1B-543C-9DD4-29E97CFFB0EF,5AE3FAC8-6CFF-510A-8ABB-F2BD8D0CAD6D,1523556060866196888,1523556060876202368,11C64B2C-3DC3-11E8-A5CA-3FA3753A265A,11C64B2C-3DC3-11E8-A5CA-3FA3753A265A,3090472694,2a0c801a54aa4e5fe51800377f20695c1f923d61958e89953eb1425cc9d8e675,3090477212,8db79e6a300b8f9474eda2525f2a691f97f02abc111144123fc5402d1daf865f,MODEL_POSSIBLE_DEPENDENCY,coarse candidate,same long-lived process; no specific cross-operation byte/control-flow evidence
5AE3FAC8-6CFF-510A-8ABB-F2BD8D0CAD6D,85A4161F-DA9C-5137-BA41-6BCE2E00BD5A,1523556060876202368,1523556129466188455,11C64B2C-3DC3-11E8-A5CA-3FA3753A265A,11C64B2C-3DC3-11E8-A5CA-3FA3753A265A,3090477212,8db79e6a300b8f9474eda2525f2a691f97f02abc111144123fc5402d1daf865f,3098062354,98e98fe4bf4e8a3dd96294d1fb96409b8b58b861f234fdc8579968c4f45756b6,MODEL_POSSIBLE_DEPENDENCY,coarse candidate,same long-lived process; no specific cross-operation byte/control-flow evidence
85A4161F-DA9C-5137-BA41-6BCE2E00BD5A,3C82F9B5-D3E1-5695-A9B0-7A991E280E3C,1523556129466188455,1523556129566187604,11C64B2C-3DC3-11E8-A5CA-3FA3753A265A,11C64B2C-3DC3-11E8-A5CA-3FA3753A265A,3098062354,98e98fe4bf4e8a3dd96294d1fb96409b8b58b861f234fdc8579968c4f45756b6,3098064759,39535fc891e7d60b921353aba13936ad452e1e9663b1413b211fdbc6f8abdb15,MODEL_POSSIBLE_DEPENDENCY,coarse candidate,same long-lived process; no specific cross-operation byte/control-flow evidence
3C82F9B5-D3E1-5695-A9B0-7A991E280E3C,27CE0ED4-DA15-5457-AD75-60C95497752D,1523556129566187604,1523556129666189442,11C64B2C-3DC3-11E8-A5CA-3FA3753A265A,11C64B2C-3DC3-11E8-A5CA-3FA3753A265A,3098064759,39535fc891e7d60b921353aba13936ad452e1e9663b1413b211fdbc6f8abdb15,3098065561,32f36ad9a0d32873c8c3599eef0afcc0efa8d214ee63a5609274d0d0cfce0e4e,MODEL_POSSIBLE_DEPENDENCY,coarse candidate,same long-lived process; no specific cross-operation byte/control-flow evidence
27CE0ED4-DA15-5457-AD75-60C95497752D,0AED0887-8FB9-553E-BCEF-1D9BD5DFEADB,1523556129666189442,1523556129766187490,11C64B2C-3DC3-11E8-A5CA-3FA3753A265A,11C64B2C-3DC3-11E8-A5CA-3FA3753A265A,3098065561,32f36ad9a0d32873c8c3599eef0afcc0efa8d214ee63a5609274d0d0cfce0e4e,3098067965,324a40f272eff4c18ccacae717dc82d3bd6571f7813f201e2250da6081b31fa8,MODEL_POSSIBLE_DEPENDENCY,coarse candidate,same long-lived process; no specific cross-operation byte/control-flow evidence
0AED0887-8FB9-553E-BCEF-1D9BD5DFEADB,3CA3E4E0-306F-5064-B9A8-883948CF8498,1523556129766187490,1523556129866187349,11C64B2C-3DC3-11E8-A5CA-3FA3753A265A,11C64B2C-3DC3-11E8-A5CA-3FA3753A265A,3098067965,324a40f272eff4c18ccacae717dc82d3bd6571f7813f201e2250da6081b31fa8,3098069569,c2b992fb1b698358ea50835a1ae113b69b07b2962d4a1a2d2966f52eb3ddcbca,MODEL_POSSIBLE_DEPENDENCY,coarse candidate,same long-lived process; no specific cross-operation byte/control-flow evidence
3CA3E4E0-306F-5064-B9A8-883948CF8498,4ED07373-C261-5791-8922-8935B09346C2,1523556129866187349,1523556129966188157,11C64B2C-3DC3-11E8-A5CA-3FA3753A265A,11C64B2C-3DC3-11E8-A5CA-3FA3753A265A,3098069569,c2b992fb1b698358ea50835a1ae113b69b07b2962d4a1a2d2966f52eb3ddcbca,3098071173,cf354ff52959fe3870b6402289211d56c0d15e652627c643bf84b8ead8a30f84,MODEL_POSSIBLE_DEPENDENCY,coarse candidate,same long-lived process; no specific cross-operation byte/control-flow evidence
4ED07373-C261-5791-8922-8935B09346C2,3547AE0A-9C8F-522A-B4D6-565804E41526,1523556129966188157,1523556130066188906,11C64B2C-3DC3-11E8-A5CA-3FA3753A265A,11C64B2C-3DC3-11E8-A5CA-3FA3753A265A,3098071173,cf354ff52959fe3870b6402289211d56c0d15e652627c643bf84b8ead8a30f84,3098073578,d800d7eb158246156ef9e4bf240517257b04f9082f3223ca5cfafb8e7c7f21a0,MODEL_POSSIBLE_DEPENDENCY,coarse candidate,same long-lived process; no specific cross-operation byte/control-flow evidence
3547AE0A-9C8F-522A-B4D6-565804E41526,5D6FCE68-616C-5AAB-A714-57918A595084,1523556130066188906,1523556130166187694,11C64B2C-3DC3-11E8-A5CA-3FA3753A265A,11C64B2C-3DC3-11E8-A5CA-3FA3753A265A,3098073578,d800d7eb158246156ef9e4bf240517257b04f9082f3223ca5cfafb8e7c7f21a0,3098075181,e71ca6008465901d04c8da1108b4f66755ce01f62bade4d6c500aa17ade355e3,MODEL_POSSIBLE_DEPENDENCY,coarse candidate,same long-lived process; no specific cross-operation byte/control-flow evidence
5D6FCE68-616C-5AAB-A714-57918A595084,4CE0FEE9-B438-5EB8-92B1-7EB03B9C6170,1523556130166187694,1523556130266187153,11C64B2C-3DC3-11E8-A5CA-3FA3753A265A,11C64B2C-3DC3-11E8-A5CA-3FA3753A265A,3098075181,e71ca6008465901d04c8da1108b4f66755ce01f62bade4d6c500aa17ade355e3,3098079202,b7864d38d61bf5b4c2c5821fa3b4e6e804e78b4568658467435f96e631c5e3a5,MODEL_POSSIBLE_DEPENDENCY,coarse candidate,same long-lived process; no specific cross-operation byte/control-flow evidence
4CE0FEE9-B438-5EB8-92B1-7EB03B9C6170,96271938-889E-59CF-93B9-5F21E0FD560B,1523556130266187153,1523556130366188161,11C64B2C-3DC3-11E8-A5CA-3FA3753A265A,11C64B2C-3DC3-11E8-A5CA-3FA3753A265A,3098079202,b7864d38d61bf5b4c2c5821fa3b4e6e804e78b4568658467435f96e631c5e3a5,3098087106,ebb7ffdb1fa39b0691debf6aeb20c0298df9be9f30e0ac465e3afbde005ffa4c,MODEL_POSSIBLE_DEPENDENCY,coarse candidate,same long-lived process; no specific cross-operation byte/control-flow evidence
96271938-889E-59CF-93B9-5F21E0FD560B,58A15EC1-9BE9-5B97-9C54-1F5746A8AD2E,1523556130366188161,1523556130376185722,11C64B2C-3DC3-11E8-A5CA-3FA3753A265A,11C64B2C-3DC3-11E8-A5CA-3FA3753A265A,3098087106,ebb7ffdb1fa39b0691debf6aeb20c0298df9be9f30e0ac465e3afbde005ffa4c,3098089940,d218e1970b58cc654abddf0d7c37fe50bd1e5f8272ee24ac2cd5d623dd7b9fa8,MODEL_POSSIBLE_DEPENDENCY,coarse candidate,same long-lived process; no specific cross-operation byte/control-flow evidence
