source,target,semantics
ws12@1270525,ws12@1292959,PARENT_PID
ws12@1270525,ws12@1332353,PARENT_PID
ws12@1270525,ws12@1400519,PARENT_PID
ws12@1270525,ws12@1450491,PARENT_PID
ws12@1270525,ws12@1500865,PARENT_PID
ws12@15343712,ws12@15379032,SAME_FILE_PATH_POSSIBLE
ws12@15343712,ws12@15448223,SAME_FILE_PATH_POSSIBLE
ws12@15343712,ws12@15453475,SAME_FILE_PATH_POSSIBLE
ws12@15343712,ws12@15455780,SAME_FILE_PATH_POSSIBLE
ws12@15345869,ws12@15375641,PARENT_PID
ws12@15345869,ws12@15378764,PROCESS_OPERATION
ws12@15345869,ws12@15379032,PROCESS_OPERATION
ws12@15375641,ws12@15379339,PROCESS_OPERATION
ws12@15375641,ws12@15392965,PARENT_PID
ws12@1590222,ws12@15345869,PARENT_PID
ws12@1590222,ws12@1627613,PARENT_PID
ws12@1590222,ws12@1666201,PARENT_PID
ws12@1590222,ws12@1809315,PARENT_PID
ws12@16023194,ws12@16029345,PARENT_PID
ws12@16023194,ws12@16065070,PARENT_PID
ws12@16023194,ws12@16067904,PARENT_PID
ws12@16023194,ws12@16108389,PARENT_PID
ws12@16023194,ws12@16264308,PARENT_PID
ws12@16023194,ws12@16265362,PARENT_PID
ws12@16023194,ws12@16398650,PARENT_PID
ws12@16023194,ws12@16841221,PARENT_PID
ws12@16023194,ws12@18336687,PARENT_PID
ws12@16023194,ws12@18448983,PARENT_PID
ws12@1809315,ws12@15343712,PROCESS_OPERATION
