method,budget,returned_events,complete_within_budget,cross_event_link_type,left_boundary_status
B0-all-prior-same-subject-candidates,32,32,False,MODEL_POSSIBLE_DEPENDENCY,OBSERVATION_BOUNDARY
B1-Min,32,32,False,MODEL_POSSIBLE_DEPENDENCY,OBSERVATION_BOUNDARY
B1-Alt1,32,32,False,MODEL_POSSIBLE_DEPENDENCY,OBSERVATION_BOUNDARY
B1-Alt2,32,32,False,MODEL_POSSIBLE_DEPENDENCY,OBSERVATION_BOUNDARY
B1-Alt3,32,32,False,MODEL_POSSIBLE_DEPENDENCY,OBSERVATION_BOUNDARY
B0-all-prior-same-subject-candidates,128,128,False,MODEL_POSSIBLE_DEPENDENCY,OBSERVATION_BOUNDARY
B1-Min,128,47,True,MODEL_POSSIBLE_DEPENDENCY,OBSERVATION_BOUNDARY
B1-Alt1,128,47,True,MODEL_POSSIBLE_DEPENDENCY,OBSERVATION_BOUNDARY
B1-Alt2,128,47,True,MODEL_POSSIBLE_DEPENDENCY,OBSERVATION_BOUNDARY
B1-Alt3,128,47,True,MODEL_POSSIBLE_DEPENDENCY,OBSERVATION_BOUNDARY
B0-all-prior-same-subject-candidates,512,448,True,MODEL_POSSIBLE_DEPENDENCY,OBSERVATION_BOUNDARY
B1-Min,512,47,True,MODEL_POSSIBLE_DEPENDENCY,OBSERVATION_BOUNDARY
B1-Alt1,512,47,True,MODEL_POSSIBLE_DEPENDENCY,OBSERVATION_BOUNDARY
B1-Alt2,512,47,True,MODEL_POSSIBLE_DEPENDENCY,OBSERVATION_BOUNDARY
B1-Alt3,512,47,True,MODEL_POSSIBLE_DEPENDENCY,OBSERVATION_BOUNDARY
